{
  "0.999": {
    "0": {
      "lower": 0.0,
      "upper": 3.35
    },
    "1": {
      "lower": 0.0,
      "upper": 3.35
    },
    "2": {
      "lower": 0.0,
      "upper": 3.35
    },
    "3": {
      "lower": 1.671838334866924,
      "upper": 1914.44516046307
    },
    "4": {
      "lower": 1.0906934617276636,
      "upper": 934.128760228437
    },
    "5": {
      "lower": 1.0804748508670323,
      "upper": 805.8966243353728
    }
  },
  "0.95": {
    "0": {
      "lower": 0.0006701340268053611,
      "upper": 3.35
    },
    "1": {
      "lower": 0.0,
      "upper": 3.35
    },
    "2": {
      "lower": 0.0,
      "upper": 3.35
    },
    "3": {
      "lower": 22.333922630710685,
      "upper": 1310.6531415956356
    },
    "4": {
      "lower": 11.542810232869037,
      "upper": 638.6698165013514
    },
    "5": {
      "lower": 8.96925087101922,
      "upper": 492.5995195350431
    }
  }
}